-- phpMyAdmin SQL Dump
-- version 4.5.1
-- http://www.phpmyadmin.net
--
-- Host: 127.0.0.1
-- Generation Time: Nov 28, 2020 at 05:15 PM
-- Server version: 10.1.19-MariaDB
-- PHP Version: 5.6.28

SET SQL_MODE = "NO_AUTO_VALUE_ON_ZERO";
SET time_zone = "+00:00";


/*!40101 SET @OLD_CHARACTER_SET_CLIENT=@@CHARACTER_SET_CLIENT */;
/*!40101 SET @OLD_CHARACTER_SET_RESULTS=@@CHARACTER_SET_RESULTS */;
/*!40101 SET @OLD_COLLATION_CONNECTION=@@COLLATION_CONNECTION */;
/*!40101 SET NAMES utf8mb4 */;

--
-- Database: `manglam`
--

-- --------------------------------------------------------

--
-- Table structure for table `customer`
--

CREATE TABLE `customer` (
  `id` int(11) NOT NULL,
  `name` varchar(200) NOT NULL,
  `email` varchar(100) NOT NULL,
  `contact` varchar(20) NOT NULL,
  `address` longtext NOT NULL,
  `pincode` varchar(10) NOT NULL,
  `city` varchar(100) NOT NULL,
  `state` varchar(100) NOT NULL,
  `gst_no` varchar(100) NOT NULL,
  `pan` varchar(19) DEFAULT NULL
) ENGINE=InnoDB DEFAULT CHARSET=latin1;

--
-- Dumping data for table `customer`
--

INSERT INTO `customer` (`id`, `name`, `email`, `contact`, `address`, `pincode`, `city`, `state`, `gst_no`, `pan`) VALUES
(3, 'Novelty Cinema (A Unit of Motor & General Sales Ltd)', '', '', 'Lalbagh Crossing, Lalbagh Lucknow', '226001', 'Lucknow*', 'Uttar Pradesh', '09AACCM4306J1ZI', 'AACCM4306J'),
(4, 'Mehfil', '', '', 'Qureshi Plaza, Harihar Prasad Nagar, Ramprasad Khera, Alambagh, Lucknow', '', 'Lucknow*', 'Uttar Pradesh', '', ''),
(5, 'RamMohan Ventures', '', '', '15, SHIVAJI MARG, HEWETT ROAD, LUCKNOW, ', '226001', 'Lucknow*', 'Uttar Pradesh', '09AAUFR9675A1ZI', 'AAUFR9675A'),
(6, 'Rajesh Caterers', '', '', '7, Lokmanya Tilak Marg, Dalibagh, Lucknow, ', '226001', 'Lucknow', 'Uttar Pradesh', '09CBTPK1261K1Z6', 'CBTPK1261K'),
(7, 'Toshi Caterers', '', '', 'Bareilly More, Near S S M V Inter Collage, Shahjahanpur,', '242001', 'Shajahanpur', 'Uttar Pradesh', '09AQRPS9122L1ZX', 'AQRPS9122L'),
(13, 'Desi Tadka Restaurent', '', '', '544, Rajendra Nagar, Luckow', '226004', 'Lucknow', 'Uttar Pradesh', '09ARXPB5223E1ZR', 'ARXPB5223E'),
(14, 'Jashn Restaurant', '', '', 'Central Hotel Building, Aminabad, Lucknow', '226004', 'Lucknow', 'Uttar Pradesh', '09AAIFJ4267A1ZG', 'AAIFJ4267A'),
(15, 'The Kalika Dine In & Take Away', '', '', 'F-9, Arif Chambers II, Kapoorthala, Aliganj', '226024', 'Lucknow', 'Uttar Pradesh', '09BXRPG5820K1ZZ', 'BXRPG5820K'),
(16, 'Truck 46', '', '', 'Gomti Nagar', '226010', 'Lucknow', 'Uttar Pradesh', '00000000', '00'),
(17, 'Central Hotel', 'centralhotel1972@gmail.com', '', 'Aminabad', '226010', 'Lucknow', 'Uttar Pradesh', '09AABFC9178L2ZU', 'AABFC9178L'),
(18, 'Delhi Public School, Indira Nagar', '', '', 'Indira Nagar, ', '226016', 'Lucknow', 'Uttar Pradesh', '09AAATK4390H1ZG', 'AAATK4390H1'),
(19, 'Poonam Food & Beverages', '', '', 'Khasra No 226 Anourakala, Chinhat, Lucknow', '227105', 'Lucknow', 'Uttar Pradesh', '09AALFP9727C1ZW', ''),
(20, '180 DEGREE CHOCOXPERESS', '', '', '4/47, VIVEK KHAND, GOMTI NAGAR, Opp. KendriyaVidyalaya, Lucknow,', '226020', 'Lucknow', 'Uttar Pradesh', '09AGSPG3626Q1ZM', ''),
(21, 'Perfect Food Corner', '', '', '1ST Floor, Rajpal Plaza, Kanpur Road, Lucknow', '226020', 'Lucknow', 'Uttar Pradesh', '09APUPR9481B1Z4', ''),
(22, 'M/s. Break Point Dhaba', '', '', 'Papnamau Anaura, Chouki Faizabad Road,Chinhat, Lucknow', '226028', 'Lucknow', 'UP', '09AYZPS2054F1ZT', ''),
(23, 'Babian Restaurant', 'babian21@gmail.com', '', 'B-155, Astha Ashirvad Apartment,', '226020', 'Lucknow', 'Uttar Pradesh', '09AACFB9247N1ZX', ''),
(24, 'Shiv Shivaaz (Sweets & Bakery)', '', '', 'B-2/873, Vinay Khand, Gomti Nagar, Lucknow', '226020', 'Lucknow', 'Uttar Pradesh', '09AEOPG5043D1ZM', ''),
(25, 'Hotel Pal Avadh', 'hotelpalavadh@gmail.com', '', '215/409, Subhash Marg, Naka Hindola, Lucknow', '226004', 'Lucknow', 'Uttar Pradesh', '09AABFH5580M1ZY', 'AABFH5580M'),
(26, 'The Continental (A Unit of Prathama Constructions)', '', '', '82/1, Guru Govind Singh Marg, Bans Mandi Chauraha, Lucknow ', '226004', 'Lucknow', 'Uttar Pradesh', '09AAKFP8300L1ZV', 'AAKFP8300L'),
(27, 'Hotel Bandhan (A Unit of Bhagya Shree Constructions Pvt Ltd', '', '', 'B 11, Faizabad Road, Indira Nagar Lucknow', '226016', 'Lucknow', 'Uttar Pradesh', '09AAACB9960F1ZI', 'AAACB9960F'),
(28, 'VBS Restaurants Pvt Ltd', '', '', 'CP-1, VIRAM KHAND, GOMTI NAGAR, LUCKNOW, ', '226010', 'Lucknow', 'Uttar Pradesh', '09AAHCV1469J1ZU', 'AAHCV1469J');

-- --------------------------------------------------------

--
-- Table structure for table `invoice`
--

CREATE TABLE `invoice` (
  `id` int(11) NOT NULL,
  `customer_id` int(11) NOT NULL,
  `created_at` datetime NOT NULL DEFAULT CURRENT_TIMESTAMP,
  `invoice_no` int(11) NOT NULL,
  `date` date DEFAULT NULL,
  `total` float DEFAULT NULL
) ENGINE=InnoDB DEFAULT CHARSET=latin1;

--
-- Dumping data for table `invoice`
--

INSERT INTO `invoice` (`id`, `customer_id`, `created_at`, `invoice_no`, `date`, `total`) VALUES
(5, 14, '2020-02-23 16:37:39', 3, '2020-02-20', NULL),
(7, 13, '2020-02-23 16:38:07', 5, '2020-02-23', NULL),
(8, 15, '2020-02-26 14:40:56', 6, '2020-02-26', NULL),
(9, 3, '2020-03-01 21:44:28', 7, '2020-03-01', NULL),
(10, 3, '2020-03-16 20:26:32', 8, '2020-03-07', 6054),
(11, 16, '2020-03-16 20:35:09', 9, '2020-03-07', 6059),
(13, 15, '2020-03-16 20:53:58', 10, '2020-03-07', 4197),
(14, 17, '2020-03-16 21:01:16', 11, '2020-03-07', 7285),
(15, 18, '2020-03-16 21:34:57', 12, '2020-03-07', 8018),
(16, 19, '2020-10-24 12:50:56', 1, '2020-10-11', 9670),
(17, 20, '2020-10-24 13:17:50', 2, '2020-10-11', 1742),
(18, 21, '2020-10-24 13:22:22', 3, '2020-10-12', 25804),
(19, 22, '2020-10-24 13:55:02', 4, '2020-10-13', 427),
(20, 22, '2020-10-24 13:57:07', 5, '2020-10-14', 13088),
(21, 20, '2020-10-24 13:58:34', 6, '2020-10-14', 6676),
(22, 3, '2020-10-24 14:00:53', 7, '2020-10-14', 502),
(23, 23, '2020-10-24 14:03:50', 8, '2020-10-18', 350),
(24, 24, '2020-10-24 14:06:59', 9, '2020-10-19', 9500),
(27, 23, '2020-10-24 14:39:48', 10, '2020-10-24', 13655),
(28, 20, '2020-10-24 14:54:37', 11, '2020-10-24', 3510),
(30, 25, '2020-10-24 15:45:28', 12, '2020-10-24', 11364),
(32, 21, '2020-10-27 10:24:36', 13, '2020-10-26', 3143),
(33, 22, '2020-10-29 10:16:03', 14, '2020-10-29', 13658),
(35, 22, '2020-10-29 15:35:36', 15, '2020-10-29', 2041),
(36, 20, '2020-10-29 17:00:15', 16, '2020-10-29', 1540),
(37, 3, '2020-11-03 11:18:00', 17, '2020-10-29', 315),
(38, 26, '2020-11-05 11:31:28', 18, '2020-10-30', 48863),
(39, 21, '2020-11-08 07:02:31', 19, '2020-10-30', 16529),
(40, 22, '2020-11-03 11:23:28', 20, '2020-11-03', 19721),
(41, 23, '2020-11-03 11:35:28', 21, '2020-11-03', 25558),
(43, 20, '2020-11-05 15:44:16', 22, '2020-11-04', 7779),
(44, 26, '2020-11-05 18:07:48', 23, '2020-11-04', 10899),
(45, 27, '2020-11-08 12:10:39', 24, '2020-11-05', 36557),
(46, 23, '2020-11-08 21:27:03', 25, '2020-11-07', 9790),
(47, 28, '2020-11-17 16:18:52', 26, '2020-11-07', 3975),
(48, 24, '2020-11-13 08:33:07', 27, '2020-11-09', 5350),
(49, 26, '2020-11-13 04:14:07', 28, '2020-11-09', 18594),
(50, 19, '2020-11-13 09:14:18', 29, '2020-11-11', 9793),
(51, 20, '2020-11-13 09:39:47', 30, '2020-11-11', 1678),
(55, 22, '2020-11-17 10:32:32', 31, '2020-11-13', 15713),
(56, 23, '2020-11-17 20:12:10', 32, '2020-11-13', 24034),
(57, 28, '2020-11-18 10:48:04', 33, '2020-11-13', 17364),
(58, 28, '2020-11-24 08:01:19', 34, '2020-11-17', 6816),
(61, 26, '2020-11-19 10:38:39', 35, '2020-11-18', 46461),
(62, 26, '2020-11-19 11:02:20', 36, '2020-11-19', 13921),
(63, 3, '2020-11-21 08:44:29', 37, '2020-11-19', 1022),
(64, 20, '2020-11-21 08:49:18', 38, '2020-11-19', 1971),
(65, 23, '2020-11-21 11:07:23', 39, '2020-11-20', 15970),
(66, 19, '2020-11-21 11:24:36', 40, '2020-11-20', 6302),
(67, 27, '2020-11-21 11:30:14', 41, '2020-11-20', 13741),
(68, 22, '2020-11-21 11:48:32', 42, '2020-11-20', 12920),
(69, 22, '2020-11-21 12:19:32', 43, '2020-11-21', 18000),
(70, 23, '2020-11-21 20:27:53', 44, '2020-11-20', 7764),
(71, 27, '2020-11-21 20:48:20', 45, '2020-11-21', 12975),
(72, 22, '2020-11-21 21:07:59', 46, '2020-11-21', 14000),
(73, 24, '2020-11-24 12:29:39', 47, '2020-11-23', 4543),
(74, 23, '2020-11-24 12:56:46', 48, '2020-11-24', 10290),
(75, 20, '2020-11-24 12:59:33', 49, '2020-11-24', 649),
(76, 26, '2020-11-25 18:05:57', 50, '2020-11-24', 44093),
(77, 25, '2020-11-25 22:14:56', 51, '2020-11-25', 18217),
(78, 27, '2020-11-25 22:53:34', 52, '2020-11-25', 32016),
(79, 28, '2020-11-26 10:36:51', 53, '2020-11-25', 8097),
(80, 21, '2020-11-28 17:53:04', 54, '2020-11-27', 11228),
(81, 27, '2020-11-28 18:23:05', 55, '2020-11-27', 12105);

-- --------------------------------------------------------

--
-- Table structure for table `invoice_items`
--

CREATE TABLE `invoice_items` (
  `id` int(11) NOT NULL,
  `product_id` int(11) NOT NULL,
  `price` float NOT NULL,
  `qty` text NOT NULL,
  `invoice_id` int(11) NOT NULL,
  `discount` float NOT NULL
) ENGINE=InnoDB DEFAULT CHARSET=latin1;

--
-- Dumping data for table `invoice_items`
--

INSERT INTO `invoice_items` (`id`, `product_id`, `price`, `qty`, `invoice_id`, `discount`) VALUES
(3, 269, 27, '100', 7, 0),
(4, 359, 28, '100', 7, 0),
(5, 215, 70, '5', 7, 20),
(6, 216, 70, '5', 7, 20),
(7, 409, 124, '10', 7, 20),
(8, 400, 200, '0.25', 7, 0),
(9, 295, 700, '0.1', 7, 0),
(10, 411, 220, '0.25', 7, 0),
(13, 412, 750, '0.1', 7, 0),
(14, 341, 3800, '0.05', 7, 0),
(15, 347, 680, '2', 7, 0),
(16, 354, 190, '2', 7, 0),
(17, 350, 19, '2', 7, 0),
(18, 413, 19, '2', 7, 0),
(19, 275, 85, '2', 7, 0),
(20, 414, 50, '2', 7, 0),
(21, 399, 19, '10', 7, 0),
(22, 384, 1552, '2', 7, 0),
(23, 404, 46.5, '5', 7, 0),
(24, 214, 56, '6', 7, 20),
(25, 415, 220, '3', 7, 20),
(26, 218, 370, '3', 7, 20),
(27, 212, 220, '3', 7, 20),
(28, 416, 240, '3', 7, 0),
(29, 408, 47, '32', 5, 0),
(30, 380, 46, '12', 5, 0),
(31, 275, 75.9, '12', 5, 0),
(33, 417, 260, '3', 5, 20),
(34, 309, 300, '2', 5, 20),
(35, 348, 84, '4', 5, 20),
(36, 303, 260, '2', 5, 20),
(37, 308, 72, '10', 5, 20),
(38, 418, 48, '3', 5, 0),
(41, 229, 55, '1', 5, 0),
(42, 398, 19, '10', 5, 0),
(43, 301, 62, '3', 5, 20),
(44, 322, 80, '5', 5, 0),
(45, 341, 3800, '0.1', 5, 0),
(46, 419, 900, '0.1', 5, 0),
(47, 416, 250, '2', 5, 0),
(48, 412, 780, '0.5', 5, 0),
(49, 422, 46, '12', 5, 0),
(50, 423, 70, '2', 5, 20),
(52, 314, 250, '6', 8, 0),
(53, 424, 223, '13', 8, 0),
(54, 425, 60.7, '13', 8, 0),
(55, 322, 75, '5', 8, 0),
(56, 399, 19, '5', 8, 0),
(57, 311, 200, '1', 8, 10),
(58, 392, 39, '5', 8, 0),
(59, 426, 136, '1', 8, 0),
(60, 427, 148, '1', 8, 0),
(61, 280, 215, '1', 8, 0),
(62, 318, 80, '1', 8, 0),
(63, 428, 105, '1', 8, 0),
(64, 429, 195, '5', 8, 0),
(65, 423, 125, '2', 8, 0),
(66, 408, 46.6, '10', 8, 0),
(67, 299, 80, '5', 8, 0),
(68, 391, 32, '5', 8, 0),
(69, 401, 88, '2', 8, 0),
(70, 314, 250, '5', 9, 0),
(71, 294, 0.65, '1600', 10, 0),
(73, 277, 148, '12', 10, 0),
(74, 287, 97, '12', 10, 0),
(75, 384, 1520, '1', 10, 0),
(77, 401, 90, '7.5', 11, 0),
(78, 376, 64, '0.5', 11, 0),
(79, 431, 85, '3', 11, 0),
(80, 383, 112, '3', 11, 0),
(81, 269, 27, '5', 11, 0),
(82, 275, 75.9, '12', 11, 0),
(83, 283, 93.75, '12', 11, 0),
(84, 418, 48, '1', 11, 0),
(85, 413, 19, '1', 11, 0),
(86, 380, 50, '1', 11, 0),
(87, 277, 183, '1', 11, 0),
(88, 305, 45, '1', 11, 0),
(89, 310, 180, '1', 11, 0),
(90, 348, 125, '1', 11, 0),
(91, 384, 1543, '1', 11, 0),
(92, 283, 95.5, '12', 13, 0),
(93, 320, 105, '24', 13, 0),
(94, 365, 255, '1', 13, 0),
(95, 308, 72, '10', 14, 20),
(96, 301, 62, '5', 14, 20),
(97, 432, 62, '3', 14, 20),
(98, 434, 84, '3', 14, 20),
(99, 347, 680, '1', 14, 0),
(100, 354, 190, '1', 14, 0),
(101, 412, 780, '0.5', 14, 0),
(102, 305, 50, '3', 14, 20),
(103, 275, 75.9, '12', 14, 0),
(104, 399, 19, '10', 14, 0),
(105, 294, 0.75, '300', 14, 0),
(106, 435, 0.8, '300', 14, 0),
(107, 408, 47, '32', 14, 0),
(108, 436, 61, '4', 14, 0),
(109, 341, 3800, '.10', 14, 0),
(110, 333, 70, '2', 14, 0),
(111, 431, 85, '6', 14, 0),
(112, 359, 28, '50', 15, 0),
(113, 216, 70, '3', 15, 15),
(114, 392, 38, '30', 15, 0),
(115, 438, 92, '20', 15, 0),
(116, 221, 98, '5', 15, 0),
(117, 421, 67, '2', 15, 0),
(118, 432, 70, '5', 15, 15),
(119, 365, 250, '1', 15, 0),
(120, 217, 312, '1', 15, 15),
(121, 347, 740, '0.25', 15, 0),
(122, 364, 72.5, '4', 15, 0),
(123, 416, 250, '0.10', 15, 0),
(124, 237, 62, '1', 15, 15),
(125, 246, 50, '2', 15, 15),
(126, 333, 70, '1', 15, 0),
(127, 225, 120, '0.10', 15, 0),
(128, 340, 120, '2', 15, 0),
(129, 439, 110, '2', 15, 0),
(130, 440, 28, '0.10', 15, 0),
(131, 329, 45, '2', 15, 0),
(132, 444, 1200, '0.200', 15, 0),
(133, 273, 220, '1', 15, 0),
(134, 445, 45, '1', 15, 0),
(135, 344, 400, '11.300', 16, 0),
(136, 294, 0.7, '200', 16, 0),
(137, 320, 100, '24', 16, 0),
(138, 447, 0.85, '200', 16, 0),
(139, 354, 145, '10', 16, 0),
(140, 448, 54, '6', 16, 0),
(141, 319, 55, '6', 16, 0),
(142, 449, 175, '1', 17, 0),
(143, 450, 160, '3', 17, 0),
(144, 451, 0.75, '1200', 17, 0),
(145, 401, 134, '5', 18, 0),
(146, 421, 85, '2', 18, 0),
(147, 452, 83, '2', 18, 0),
(148, 383, 110, '2', 18, 0),
(149, 431, 95, '2', 18, 0),
(150, 391, 36, '25', 18, 0),
(151, 377, 120, '5', 18, 0),
(152, 352, 68, '5', 18, 0),
(153, 392, 40, '5', 18, 0),
(154, 453, 56.2, '4', 18, 0),
(155, 330, 204, '1', 18, 0),
(156, 454, 900, '0.200', 18, 0),
(157, 455, 125, '1', 18, 0),
(158, 365, 230, '2', 18, 0),
(159, 222, 900, '0.200', 18, 0),
(160, 326, 3900, '0.100', 18, 0),
(161, 412, 750, '0.200', 18, 0),
(162, 251, 57.4, '5', 18, 0),
(163, 206, 350, '0.200', 18, 0),
(164, 221, 105, '2', 18, 0),
(165, 456, 1600, '2', 18, 0),
(166, 457, 240, '1', 18, 0),
(167, 458, 160, '1', 18, 0),
(168, 363, 85, '1', 18, 0),
(169, 459, 75, '25', 18, 0),
(170, 269, 23, '25', 18, 0),
(171, 359, 24.5, '25', 18, 0),
(172, 210, 40, '25', 18, 0),
(173, 376, 160, '2', 18, 0),
(174, 460, 48, '6', 18, 0),
(175, 314, 1228, '1', 18, 0),
(176, 461, 339.29, '1', 18, 0),
(177, 462, 860, '2', 18, 0),
(178, 248, 42.5, '5', 18, 0),
(179, 224, 1275, '0.200', 18, 0),
(180, 295, 520, '0.200', 18, 0),
(181, 400, 100, '0.200', 18, 0),
(182, 242, 212.5, '1', 18, 0),
(183, 253, 59.41, '5', 18, 0),
(184, 348, 71.4, '3', 18, 0),
(185, 399, 19, '5', 18, 0),
(186, 243, 62.9, '5', 18, 0),
(187, 321, 150, '2', 18, 0),
(188, 225, 70, '0.500', 18, 0),
(189, 230, 120, '1', 18, 0),
(190, 350, 17.5, '8', 18, 0),
(191, 328, 17.5, '2', 18, 0),
(192, 354, 180, '2', 18, 0),
(193, 274, 193, '3', 18, 0),
(194, 277, 175, '3', 18, 0),
(195, 286, 175, '1', 18, 0),
(196, 463, 98, '2', 18, 0),
(197, 276, 160, '1', 18, 0),
(198, 293, 71.43, '6', 18, 0),
(199, 465, 115, '2', 18, 0),
(200, 265, 170, '3', 18, 0),
(201, 380, 55, '6', 18, 0),
(202, 418, 50, '4', 18, 0),
(203, 413, 19, '6', 18, 0),
(204, 202, 280, '0.500', 18, 0),
(205, 237, 62, '1', 18, 0),
(206, 467, 23, '1', 19, 0),
(207, 401, 134, '1', 19, 0),
(208, 359, 28, '1', 19, 0),
(209, 377, 0, '1', 19, 0),
(210, 354, 190, '1', 19, 0),
(211, 346, 0, '1', 19, 0),
(212, 321, 36, '1', 19, 0),
(213, 421, 78, '120', 20, 0),
(214, 468, 440, '5', 20, 0),
(215, 386, 140, '5', 20, 0),
(216, 366, 65, '10', 20, 0),
(217, 469, 75, '1', 21, 0),
(218, 273, 220, '1', 21, 0),
(219, 411, 220, '1', 21, 0),
(220, 416, 250, '1', 21, 0),
(221, 222, 456, '1', 21, 0),
(222, 341, 3500, '1', 21, 0),
(223, 454, 900, '1', 21, 0),
(224, 412, 780, '1', 21, 0),
(225, 272, 0, '1', 21, 0),
(226, 470, 0.45, '600', 22, 0),
(227, 471, 0.65, '300', 22, 0),
(228, 352, 350, '1', 23, 0),
(229, 473, 223.21, '25', 24, 0),
(230, 275, 74, '60', 27, 0),
(231, 316, 385, '12', 27, 0),
(232, 462, 800, '2', 27, 0),
(233, 294, 0.7, '400', 27, 0),
(234, 476, 0.7, '300', 27, 0),
(235, 474, 1.841, '600', 27, 0),
(236, 475, 1.652, '288', 27, 0),
(237, 450, 160, '3', 28, 0),
(238, 478, 195, '2', 28, 0),
(239, 294, 0.7, '1000', 28, 0),
(240, 283, 100, '1', 28, 0),
(241, 384, 1561.9, '1', 28, 0),
(242, 269, 22.5, '50', 30, 0),
(243, 401, 122, '10', 30, 0),
(244, 359, 25, '5', 30, 0),
(245, 221, 83, '2', 30, 0),
(246, 377, 125, '2', 30, 0),
(247, 392, 39, '15', 30, 0),
(248, 479, 82, '3', 30, 0),
(249, 220, 55, '5', 30, 0),
(250, 472, 68, '2', 30, 0),
(251, 399, 20, '5', 30, 0),
(260, 248, 127.5, '3', 30, 0),
(261, 272, 550.85, '5', 24, 0),
(262, 480, 593.22, '6', 23, 0),
(263, 481, 97.45, '8', 23, 0),
(264, 482, 20, '36', 23, 0),
(265, 483, 69, '36', 23, 0),
(266, 408, 64.76, '8', 30, 0),
(267, 416, 240, '0.250', 30, 0),
(268, 485, 71.43, '1', 30, 0),
(269, 486, 55, '2', 30, 0),
(270, 487, 55, '1', 30, 0),
(271, 379, 60, '2', 30, 0),
(272, 410, 150, '0.500', 30, 0),
(273, 344, 600, '0.500', 30, 0),
(274, 354, 155, '1', 30, 0),
(275, 391, 32, '25', 30, 0),
(278, 459, 70, '25', 30, 0),
(279, 413, 25, '1', 30, 0),
(280, 491, 80, '2', 30, 0),
(281, 243, 74, '5', 30, 20),
(282, 251, 68, '5', 30, 20),
(283, 492, 55, '1', 30, 0),
(284, 431, 95, '1', 30, 0),
(285, 321, 135.6, '0.500', 30, 0),
(286, 233, 80, '1', 30, 0),
(287, 295, 720, '0.050', 30, 0),
(288, 326, 3200, '0.100', 30, 0),
(289, 421, 78, '2', 30, 0),
(290, 222, 750, '0.100', 30, 0),
(291, 341, 3000, '0.050', 30, 0),
(292, 419, 750, '0.100', 30, 0),
(293, 383, 105, '2', 30, 0),
(294, 206, 350, '0.200', 30, 0),
(295, 333, 800, '0.100', 30, 0),
(296, 391, 34, '25', 32, 0),
(297, 401, 125, '10', 32, 0),
(298, 392, 38.1, '10', 32, 0),
(299, 269, 24, '25', 32, 0),
(300, 464, 60, '4', 18, 0),
(301, 466, 275, '0.500', 18, 0),
(302, 229, 46.61, '2', 30, 0),
(304, 342, 200, '10', 33, 0),
(305, 386, 165, '10', 33, 0),
(306, 366, 65, '20', 33, 0),
(307, 383, 120, '10', 33, 0),
(308, 269, 24, '200', 33, 0),
(309, 320, 100, '24', 33, 0),
(310, 350, 57.14, '30', 35, 0),
(311, 413, 17, '12', 35, 0),
(312, 244, 150, '2', 36, 0),
(313, 242, 160, '3', 36, 0),
(314, 494, 210, '2', 36, 0),
(315, 495, 125, '2', 36, 0),
(316, 283, 93.75, '3', 37, 0),
(319, 455, 110, '30', 40, 0),
(320, 401, 108, '60', 40, 0),
(321, 269, 23, '100', 40, 0),
(322, 467, 24, '200', 40, 0),
(323, 359, 24, '50', 40, 0),
(324, 413, 17, '12', 40, 0),
(325, 503, 118.64, '10', 40, 0),
(326, 314, 93.75, '25', 41, 0),
(327, 462, 800, '2', 41, 0),
(328, 504, 55, '48', 41, 0),
(330, 353, 310, '25', 41, 0),
(331, 560, 1339.29, '1', 41, 0),
(332, 480, 610.16, '6', 41, 0),
(334, 471, 0.7, '500', 41, 0),
(336, 371, 1.841, '750', 41, 0),
(337, 505, 142.85, '5', 41, 0),
(338, 379, 69, '8', 41, 0),
(339, 476, 0.7, '500', 41, 0),
(341, 324, 128, '24', 43, 0),
(342, 323, 90, '12', 43, 0),
(343, 486, 48, '4', 43, 0),
(344, 471, 0.7, '1000', 43, 0),
(345, 430, 172, '4', 43, 0),
(346, 384, 1571.43, '1', 43, 0),
(347, 485, 72, '12', 38, 0),
(348, 384, 1570, '5', 38, 0),
(349, 269, 23, '100', 38, 0),
(350, 359, 24, '50', 38, 0),
(351, 413, 18, '12', 38, 0),
(354, 331, 78, '25', 38, 0),
(355, 299, 72, '25', 38, 0),
(356, 391, 30.48, '25', 38, 0),
(357, 392, 38.1, '25', 38, 0),
(358, 210, 35, '10', 38, 0),
(359, 380, 50, '12', 38, 0),
(360, 401, 107, '30', 38, 0),
(361, 330, 180, '3', 38, 0),
(362, 481, 96.61, '4', 38, 0),
(363, 508, 85.71, '5', 38, 0),
(364, 494, 250, '3', 38, 0),
(365, 407, 261.9, '2', 38, 0),
(366, 460, 46.61, '6', 38, 0),
(367, 225, 50, '2', 38, 0),
(368, 286, 175, '3', 38, 0),
(369, 497, 49.15, '2', 38, 0),
(370, 373, 300, '2', 38, 0),
(371, 298, 423.8, '1', 38, 0),
(372, 352, 265, '5', 38, 0),
(373, 354, 160, '6', 38, 0),
(374, 509, 50.85, '2', 38, 0),
(375, 491, 70, '5', 38, 0),
(376, 367, 115, '4', 38, 0),
(377, 510, 160, '0.200', 38, 0),
(378, 511, 340, '0.200', 38, 0),
(379, 405, 180, '0.500', 38, 0),
(380, 202, 240, '1', 38, 0),
(381, 402, 115, '5', 38, 0),
(382, 365, 235, '2', 38, 0),
(383, 512, 720, '0.500', 38, 0),
(384, 513, 9.5, '9', 38, 0),
(385, 348, 84, '20', 38, 25),
(386, 341, 2160, '0.150', 38, 0),
(387, 224, 740, '0.250', 38, 0),
(388, 295, 700, '0.200', 38, 0),
(389, 222, 760, '0.250', 38, 0),
(390, 419, 725, '0.200', 38, 0),
(391, 454, 740, '0.100', 38, 0),
(392, 383, 114.29, '3', 38, 0),
(393, 326, 3000, '0.250', 38, 0),
(394, 431, 93, '8', 38, 0),
(395, 421, 75, '10', 38, 0),
(396, 514, 120.54, '2', 38, 0),
(397, 515, 120.54, '2', 38, 0),
(398, 457, 340, '1', 38, 0),
(399, 251, 68, '30', 38, 25),
(400, 259, 52, '30', 38, 25),
(401, 248, 50, '20', 38, 25),
(402, 253, 72, '30', 38, 25),
(403, 237, 63, '30', 38, 25),
(404, 231, 80, '5', 38, 25),
(405, 264, 200, '10', 38, 25),
(406, 240, 63, '20', 38, 25),
(407, 233, 150, '5', 44, 25),
(408, 321, 135.6, '3', 44, 0),
(409, 400, 120, '0.100', 44, 0),
(410, 501, 65, '6', 44, 0),
(411, 411, 220, '1', 44, 0),
(412, 345, 490, '3', 44, 0),
(413, 516, 86, '3', 44, 0),
(414, 297, 68, '5', 44, 0),
(415, 416, 210, '4', 44, 0),
(416, 517, 122, '5', 44, 0),
(417, 370, 135, '1', 44, 0),
(418, 518, 19, '5', 44, 0),
(419, 362, 79, '10', 44, 0),
(420, 399, 20, '12', 44, 0),
(421, 320, 102, '12', 44, 0),
(422, 323, 90, '6', 44, 0),
(423, 520, 90, '3', 44, 0),
(424, 448, 52, '3', 44, 0),
(425, 319, 55, '3', 44, 0),
(426, 519, 70, '2', 44, 0),
(427, 248, 50, '10', 39, 20),
(428, 494, 304.76, '1', 39, 0),
(430, 242, 190, '1', 39, 0),
(431, 253, 72, '10', 39, 20),
(432, 244, 180, '1', 39, 0),
(433, 243, 72.5, '5', 39, 0),
(434, 416, 220, '1', 39, 0),
(435, 222, 800, '0.200', 39, 0),
(436, 399, 20, '10', 39, 0),
(437, 472, 67, '2', 39, 0),
(438, 517, 120, '2', 39, 0),
(439, 518, 20, '2', 39, 0),
(440, 407, 65.71, '4', 39, 0),
(441, 392, 38.1, '10', 39, 0),
(442, 297, 75, '5', 39, 0),
(443, 383, 118, '5', 39, 0),
(444, 321, 139.83, '2', 39, 0),
(445, 264, 200, '5', 39, 20),
(446, 225, 50, '1', 39, 0),
(447, 457, 228.57, '1', 39, 0),
(448, 384, 1580, '2', 39, 0),
(449, 354, 209.52, '5', 39, 0),
(450, 459, 75, '25', 39, 0),
(451, 269, 24, '50', 39, 0),
(452, 391, 32.38, '25', 39, 0),
(453, 419, 750, '0.200', 39, 0),
(455, 400, 125, '0.200', 39, 0),
(456, 431, 93, '5', 39, 0),
(457, 269, 23, '200', 45, 0),
(458, 359, 24, '50', 45, 0),
(459, 392, 36.19, '100', 45, 0),
(460, 401, 105, '30', 45, 0),
(461, 421, 75, '20', 45, 0),
(462, 402, 105, '20', 45, 0),
(463, 431, 85, '10', 45, 0),
(464, 221, 85, '50', 45, 0),
(465, 522, 74.3, '20', 45, 22),
(466, 417, 128.57, '16', 45, 22),
(467, 309, 247.62, '5', 45, 22),
(468, 303, 200, '2', 45, 22),
(469, 523, 80, '10', 45, 22),
(470, 301, 59.05, '10', 45, 22),
(471, 310, 190.48, '5', 45, 22),
(472, 468, 361.9, '5', 45, 0),
(473, 496, 500, '8', 45, 0),
(474, 210, 32, '50', 45, 0),
(475, 480, 614.4, '1', 45, 0),
(476, 524, 300, '2', 39, 0),
(477, 462, 800, '1', 46, 0),
(478, 471, 0.7, '1000', 46, 0),
(479, 525, 276.79, '2', 46, 0),
(480, 481, 97.45, '10', 46, 0),
(481, 321, 125.42, '25', 46, 0),
(482, 283, 98.21, '24', 46, 0),
(483, 506, 223.21, '4', 44, 0),
(484, 382, 52, '12', 44, 0),
(485, 473, 210, '2', 39, 0),
(486, 359, 24, '100', 47, 0),
(487, 346, 750, '2', 47, 0),
(488, 272, 550.85, '6', 48, 0),
(489, 524, 296.61, '6', 48, 0),
(491, 407, 261.9, '5', 49, 0),
(492, 336, 614.41, '2', 49, 0),
(493, 206, 266.67, '0.500', 49, 0),
(494, 333, 800, '0.100', 49, 0),
(496, 530, 90, '5', 49, 0),
(497, 521, 110, '5', 49, 0),
(499, 273, 270, '5', 49, 0),
(500, 392, 38.1, '50', 49, 0),
(501, 298, 420, '2', 49, 0),
(502, 439, 108, '10', 49, 0),
(503, 367, 107, '5', 49, 0),
(504, 531, 1140, '1', 49, 0),
(505, 442, 700, '0.250', 49, 0),
(506, 444, 1400, '0.250', 49, 0),
(507, 384, 1571.43, '3', 49, 0),
(508, 532, 330, '2', 49, 0),
(509, 359, 24, '50', 49, 0),
(510, 320, 100, '24', 50, 0),
(511, 533, 0.76, '200', 50, 0),
(512, 451, 0.7, '200', 50, 0),
(513, 322, 67.8, '10', 50, 0),
(514, 506, 223.21, '1', 50, 0),
(515, 354, 133.33, '10', 50, 0),
(516, 469, 75, '12', 51, 0),
(517, 463, 98, '4', 51, 0),
(518, 416, 220, '1', 51, 0),
(536, 504, 55, '3', 55, 0),
(537, 416, 200, '5', 55, 0),
(538, 359, 24, '50', 55, 0),
(539, 413, 17, '12', 55, 0),
(540, 469, 72, '12', 55, 0),
(541, 340, 160, '1', 55, 0),
(542, 401, 106, '30', 55, 0),
(543, 384, 1666.67, '5', 55, 0),
(544, 534, 116.07, '25', 56, 0),
(545, 553, 385, '12', 56, 0),
(546, 549, 450, '1', 56, 0),
(547, 469, 72, '120', 56, 0),
(548, 535, 151.79, '30', 56, 0),
(549, 536, 95.24, '1', 56, 0),
(550, 470, 0.9, '800', 56, 0),
(551, 350, 56.19, '3', 57, 0),
(552, 469, 72, '24', 57, 0),
(553, 431, 82, '4', 57, 0),
(554, 359, 24, '50', 57, 0),
(555, 541, 123.81, '12', 57, 0),
(556, 269, 23, '50', 57, 0),
(557, 421, 75, '6', 57, 0),
(558, 363, 75, '6', 57, 0),
(559, 401, 105, '6', 57, 0),
(560, 297, 68, '2', 57, 0),
(561, 542, 90, '5', 57, 0),
(562, 347, 409.52, '5', 57, 0),
(563, 540, 108.93, '24', 57, 0),
(564, 543, 36, '5', 57, 0),
(565, 202, 180, '1', 57, 0),
(566, 454, 690, '1', 57, 0),
(567, 416, 220, '1', 57, 0),
(568, 224, 630, '1', 57, 0),
(569, 337, 75, '12', 57, 0),
(570, 544, 111.61, '4', 57, 0),
(571, 427, 129.46, '1', 57, 0),
(572, 385, 108.93, '2', 57, 0),
(573, 468, 361.9, '11.200', 50, 0),
(574, 350, 28.57, '12', 50, 0),
(587, 269, 24, '200', 61, 0),
(588, 359, 23, '100', 61, 0),
(589, 459, 72, '25', 61, 0),
(590, 459, 75, '50', 61, 0),
(591, 391, 32, '50', 61, 0),
(592, 210, 33, '50', 61, 0),
(593, 221, 85, '30', 61, 0),
(594, 251, 68, '50', 61, 25),
(595, 253, 72, '50', 61, 25),
(596, 262, 266.67, '5', 61, 0),
(597, 248, 50, '50', 61, 25),
(598, 237, 63, '50', 61, 25),
(599, 240, 63, '50', 61, 25),
(600, 268, 55, '20', 61, 25),
(601, 231, 80, '20', 61, 25),
(602, 245, 80, '5', 61, 0),
(603, 401, 106, '30', 61, 0),
(604, 421, 75, '5', 61, 0),
(605, 431, 85, '10', 61, 0),
(606, 517, 125, '10', 61, 0),
(607, 402, 105, '3', 61, 0),
(608, 383, 112, '5', 61, 0),
(610, 501, 65, '10', 61, 0),
(611, 323, 90, '10', 61, 0),
(612, 320, 102, '12', 61, 0),
(613, 319, 55, '12', 61, 0),
(614, 520, 90, '12', 61, 0),
(615, 448, 52, '12', 62, 0),
(616, 399, 20, '15', 62, 0),
(617, 321, 135, '5', 62, 0),
(618, 473, 223.21, '5', 62, 0),
(619, 272, 279.66, '5', 62, 0),
(620, 508, 85.71, '11', 62, 0),
(621, 511, 290, '1', 62, 0),
(622, 286, 175, '3', 62, 0),
(623, 494, 290, '2', 62, 0),
(626, 460, 46.61, '10', 62, 0),
(627, 500, 340, '5', 62, 0),
(628, 485, 75, '12', 62, 0),
(629, 486, 50, '12', 62, 0),
(630, 547, 320, '0.500', 62, 0),
(631, 519, 170, '1', 62, 0),
(632, 244, 171.42, '2', 62, 0),
(633, 259, 52, '50', 62, 25),
(636, 225, 40, '1', 62, 0),
(638, 471, 0.65, '1000', 63, 0),
(639, 470, 0.45, '400', 63, 0),
(640, 283, 93.75, '1', 63, 0),
(641, 294, 0.7, '1000', 64, 0),
(642, 430, 172, '3', 64, 0),
(643, 499, 160, '2', 64, 0),
(644, 559, 112, '2', 64, 0),
(645, 534, 116.07, '25', 65, 0),
(646, 553, 385, '12', 65, 0),
(647, 549, 450, '1', 65, 0),
(648, 469, 120, '12', 65, 0),
(649, 535, 151.79, '30', 65, 0),
(650, 536, 95.24, '1', 65, 0),
(651, 550, 0.9, '800', 65, 0),
(652, 448, 46, '12', 66, 0),
(653, 320, 100, '24', 66, 0),
(654, 323, 85.71, '6', 66, 0),
(655, 319, 55, '12', 66, 0),
(656, 265, 761.9, '2', 66, 0),
(657, 384, 1790.48, '3', 67, 0),
(658, 508, 1552.38, '1', 67, 0),
(659, 486, 46, '24', 67, 0),
(660, 551, 65, '36', 67, 0),
(661, 487, 50, '6', 67, 0),
(662, 383, 112, '5', 67, 0),
(663, 225, 40, '2', 67, 0),
(664, 329, 43, '6', 67, 0),
(665, 482, 23.73, '6', 67, 0),
(666, 554, 32, '12', 67, 0),
(667, 327, 80, '10', 67, 0),
(673, 401, 108, '30', 68, 0),
(674, 467, 24, '100', 68, 0),
(675, 269, 23, '100', 68, 0),
(676, 359, 24, '50', 68, 0),
(677, 377, 125, '10', 68, 0),
(678, 386, 170, '10', 68, 0),
(679, 366, 65, '10', 68, 0),
(682, 384, 1714.29, '10', 69, 0),
(683, 553, 385, '6', 70, 0),
(684, 323, 90, '12', 70, 0),
(685, 480, 610.16, '6', 70, 0),
(686, 320, 100, '24', 71, 0),
(687, 404, 8.05, '120', 71, 0),
(688, 558, 190, '2', 71, 0),
(689, 367, 106, '20', 71, 0),
(690, 384, 1790.48, '2', 71, 0),
(691, 576, 32, '25', 71, 0),
(692, 576, 36, '50', 71, 0),
(693, 327, 80, '5', 71, 0),
(694, 556, 90.47, '100', 72, 0),
(695, 557, 85.72, '50', 72, 0),
(696, 268, 55, '50', 73, 28),
(697, 500, 370, '1', 58, 0),
(698, 223, 118, '2', 58, 0),
(699, 514, 118, '4', 58, 0),
(700, 229, 52, '2', 58, 0),
(701, 359, 24, '100', 58, 0),
(702, 402, 135, '4', 58, 0),
(703, 326, 2600, '0.500', 58, 0),
(704, 365, 238.09, '3', 58, 0),
(705, 237, 63, '20', 73, 28),
(706, 340, 145, '5', 73, 0),
(707, 246, 20, '52', 73, 28),
(708, 379, 69, '20', 74, 0),
(709, 524, 550, '1', 75, 0),
(710, 561, 133.33, '10', 74, 0),
(711, 352, 260, '20', 74, 0),
(712, 316, 385, '6', 74, 0),
(713, 429, 193, '12', 76, 0),
(714, 458, 142.86, '12', 76, 0),
(715, 318, 70, '4', 76, 0),
(716, 408, 261.9, '10', 76, 0),
(717, 370, 133.33, '10', 76, 0),
(718, 561, 133.33, '10', 76, 0),
(719, 462, 750, '1', 76, 0),
(720, 264, 200, '20', 76, 25),
(721, 484, 70, '15', 76, 0),
(722, 352, 265, '10', 76, 0),
(723, 206, 240, '1', 76, 0),
(724, 513, 9.5, '20', 76, 0),
(725, 295, 430, '1', 76, 0),
(726, 454, 650, '1', 76, 0),
(727, 326, 2600, '0.500', 76, 0),
(728, 298, 430, '4', 76, 0),
(729, 541, 25, '5', 76, 0),
(730, 328, 30, '5', 76, 0),
(731, 518, 19, '10', 76, 0),
(732, 480, 614.41, '1', 76, 0),
(733, 492, 48, '5', 76, 0),
(734, 577, 120, '1', 76, 0),
(735, 224, 495.24, '1', 76, 0),
(736, 511, 330, '1', 76, 0),
(737, 530, 85.71, '5', 76, 0),
(738, 341, 2450, '0.500', 76, 0),
(739, 273, 266.67, '1', 76, 0),
(740, 400, 100, '0.500', 76, 0),
(741, 575, 207.59, '10', 76, 0),
(742, 579, 138.1, '2', 76, 0),
(743, 314, 94.65, '12.5', 76, 0),
(744, 354, 152.38, '5', 76, 0),
(745, 468, 371.43, '5', 76, 0),
(746, 463, 89.29, '12', 76, 0),
(747, 578, 114.29, '3', 76, 0),
(748, 314, 245.54, '2', 66, 0),
(749, 269, 23, '50', 77, 0),
(750, 416, 209.52, '1', 77, 0),
(751, 237, 63, '5', 77, 20),
(752, 248, 50, '5', 77, 20),
(753, 251, 68, '5', 77, 20),
(754, 256, 59, '5', 77, 20),
(755, 492, 52, '5', 77, 0),
(756, 244, 180.95, '1', 77, 0),
(757, 494, 266.67, '1', 77, 0),
(758, 348, 84, '1', 77, 20),
(759, 295, 450, '0.100', 77, 0),
(760, 341, 2666.67, '0.100', 77, 0),
(761, 359, 24, '10', 77, 0),
(762, 454, 650, '0.100', 77, 0),
(763, 379, 70, '5', 77, 0),
(764, 221, 88, '5', 77, 0),
(765, 210, 40, '5', 77, 0),
(766, 580, 78, '5', 77, 0),
(767, 297, 72, '5', 77, 0),
(768, 433, 63, '5', 77, 20),
(769, 377, 125, '2', 77, 0),
(770, 401, 109, '30', 77, 0),
(771, 352, 265, '2', 77, 0),
(772, 242, 230, '1', 77, 0),
(773, 413, 18, '6', 77, 0),
(774, 486, 48, '6', 77, 0),
(775, 485, 75, '6', 77, 0),
(776, 541, 25, '2', 77, 0),
(777, 431, 88, '2', 77, 0),
(778, 321, 144.07, '5', 77, 0),
(779, 399, 20, '5', 77, 0),
(780, 576, 32, '25', 77, 0),
(781, 581, 70, '25', 77, 0),
(782, 392, 38.1, '10', 77, 0),
(783, 407, 261.9, '3', 77, 0),
(784, 254, 280, '0.500', 77, 0),
(785, 473, 232.14, '1', 77, 0),
(786, 326, 2800, '0.100', 77, 0),
(787, 582, 120, '5', 77, 0),
(788, 583, 73, '5', 77, 0),
(789, 333, 761.9, '0.100', 77, 0),
(790, 220, 55, '2', 77, 0),
(791, 487, 50, '3', 77, 0),
(792, 224, 500, '0.100', 77, 0),
(793, 367, 115, '30', 78, 0),
(794, 384, 1714.28, '10', 78, 0),
(795, 480, 614.41, '2', 78, 0),
(796, 320, 100, '24', 78, 0),
(797, 433, 63, '5', 78, 22),
(798, 269, 23, '100', 78, 0),
(799, 359, 24, '50', 78, 0),
(800, 578, 114.29, '2', 78, 0),
(801, 486, 46, '12', 78, 0),
(802, 297, 75, '4', 78, 0),
(803, 508, 1714.29, '1', 78, 0),
(804, 359, 24, '100', 79, 0),
(805, 269, 23, '50', 79, 0),
(806, 413, 17, '12', 79, 0),
(807, 345, 800, '3', 79, 0),
(808, 399, 20, '20', 79, 0),
(809, 337, 110, '12', 79, 0),
(810, 584, 85, '5', 58, 0),
(811, 384, 1666.67, '5', 76, 0),
(812, 269, 23, '50', 80, 0),
(813, 359, 26, '25', 80, 0),
(814, 555, 108, '5', 80, 0),
(815, 354, 190, '5', 80, 0),
(816, 392, 38.1, '10', 80, 0),
(817, 408, 261.9, '2', 80, 0),
(818, 352, 300, '1', 80, 0),
(819, 416, 240, '0.500', 80, 0),
(820, 241, 78, '10', 80, 20),
(821, 251, 68, '10', 80, 20),
(822, 214, 50, '10', 80, 20),
(823, 321, 152.54, '2', 80, 0),
(824, 413, 18, '2', 80, 0),
(825, 486, 48, '4', 80, 0),
(826, 431, 90, '4', 80, 0),
(827, 485, 75, '4', 80, 0),
(828, 370, 120, '2', 80, 0),
(829, 456, 130, '24', 80, 0),
(830, 431, 85, '5', 81, 0),
(831, 210, 32, '50', 81, 0),
(832, 392, 36.19, '10', 81, 0),
(833, 417, 270, '5', 81, 22),
(834, 496, 500, '4', 81, 0),
(835, 320, 100, '24', 81, 0),
(836, 585, 30, '12', 81, 0),
(837, 554, 55, '5', 81, 0),
(838, 308, 72, '2', 81, 20),
(839, 248, 50, '2', 81, 0),
(840, 221, 85, '10', 81, 0),
(842, 586, 104, '20', 81, 0);

-- --------------------------------------------------------

--
-- Table structure for table `products`
--

CREATE TABLE `products` (
  `id` int(11) NOT NULL,
  `name` varchar(1000) DEFAULT NULL,
  `rate` float DEFAULT NULL,
  `unit` varchar(100) NOT NULL,
  `hsn` varchar(100) DEFAULT NULL,
  `gst` int(11) DEFAULT NULL,
  `active` enum('1','0') NOT NULL DEFAULT '1'
) ENGINE=InnoDB DEFAULT CHARSET=latin1;

--
-- Dumping data for table `products`
--

INSERT INTO `products` (`id`, `name`, `rate`, `unit`, `hsn`, `gst`, `active`) VALUES
(202, 'White Til', 180, 'kgs', '0910', 5, '1'),
(203, 'Zone Grenadine 12*1 kg', 700, 'Pcs', '21069011', 18, '1'),
(205, '9AM Chill Pouch 1200 Pcs', 40.96, 'Pcs', '21032000', 12, '1'),
(206, 'Ajwain', 240, 'kgs', '0910', 5, '1'),
(207, 'Alumunim Foil 1 kg Gross', 52, 'Pcs', '76071991', 18, '1'),
(208, 'American Corn 1 kg', 500, 'kgs', '0711', 5, '1'),
(209, 'Amul Cheese Block 1 kg ', 250, 'Kilogram', '0406', 12, '1'),
(210, 'Arrowroot', 32, 'Kgs', '0712', 0, '1'),
(211, 'Ashok Chiken Masala 100Gm', 50, 'Pieces', '0910', 5, '1'),
(212, 'Ashok Dhania Masala.', 220, 'Kilogram', '0909', 5, '1'),
(213, 'Ashok Jeera Whole', 290, 'Kilogram', '0910', 5, '1'),
(214, 'Ashok Kashmiri Mirch Powder 100 Gm', 50, 'Pieces', '0904', 5, '1'),
(215, 'Ashok Kitchen King Masala 100Gm', 70, 'Piece', '0910', 5, '1'),
(216, 'Ashok Meat Masala 100Gm', 701, 'Pieces', '0910', 5, '1'),
(217, 'Ashok Mirch Masala', 312, 'Kilogram', '0910', 5, '1'),
(218, 'Ashok Mirch Powder', 370, 'Pieces', '0910', 5, '1'),
(219, 'Badam (Almound)', 78, 'kgs', '0801', 5, '1'),
(220, 'Bambino Macroni ', 55, 'Pcs', '19021900', 12, '1'),
(221, 'Besen', 85, 'Kgs', '0713', 0, '1'),
(222, 'Black Cardamom', 800, 'kgs', '0908', 5, '1'),
(223, 'Black Olive Pitted 450 gm', 118, 'Pcs', '20057000', 5, '1'),
(224, 'Black Peper Whole', 500, 'kgs', '0904', 5, '1'),
(225, 'Black Salt', 40, 'kgs', '0713', 0, '1'),
(226, 'Boondi', 225, 'kgs', '0700', 5, '1'),
(227, 'Break Fast sugar20*1 kg', 0, 'Pcs', '17011490', 5, '1'),
(228, 'Bush Green Color 100Gm', 50, 'Pcs', '32041989', 18, '1'),
(229, 'Bush Red Colour 100 Gm', 52, 'Pcs', '32041989', 18, '1'),
(230, 'Butter', 47, 'Kilogram', '0405', 12, '1'),
(231, 'Catch Amchoor Powder 100Gm ', 80, 'Pieces', '0910', 5, '1'),
(232, 'Catch Biryani Masala 50Gm', 0, 'Pcs', '0910', 5, '1'),
(233, 'Catch Black Papper Powder 100Gm', 100, 'Pcs', '0910', 5, '1'),
(234, 'Catch Black Pepper Pouches 25Gm', 0, 'Pcs', '0910', 5, '1'),
(235, 'Catch Black Pepper Sprinkler 100Gm', 0, 'Pcs', '0910', 5, '1'),
(236, 'Catch Black Pepper Sprinkler 50Gm', 0, 'Pcs', '0910', 5, '1'),
(237, 'Catch Chat Masala 100Gm', 63, 'Pcs', '0910', 5, '1'),
(238, 'Catch Chat Masala 1Kg', 38, 'Pcs', '0910', 5, '1'),
(239, 'Catch Chat Masala Sprinkler 50Gm', 0, 'Pcs', '0910', 5, '1'),
(240, 'Catch Chholey Masala 100Gm', 63, 'Pcs', '0910', 5, '1'),
(241, 'Catch Chiken Masala 100Gm', 78, 'Pcs', '0910', 5, '1'),
(242, 'Catch Dhaniya Powder 1Kg', 250, 'Pcs', '0910', 5, '1'),
(243, 'Catch Super Garam Masala 100Gm', 280, 'Pcs', '0910', 5, '1'),
(244, 'Catch Haldi Powder 1Kg', 180.95, 'Pcs', '0910', 5, '1'),
(245, 'Catch Hing 100Gm', 80, 'Pcs', '0910', 5, '1'),
(246, 'Catch Jaljeera Masala 100Gm', 20, 'Pcs', '0910', 5, '1'),
(247, 'Catch Jeera Powder 100Gm', 0, 'Pcs', '0910', 5, '1'),
(248, 'Catch Kashmiri Mirch Powder 100Gm', 50, 'Pcs', '0904', 5, '1'),
(249, 'Catch Kashmiri Mirch Whole 1Kg', 328, 'Pcs', '0904', 5, '1'),
(250, 'Catch Kasuri Methi 100Gm', 0, 'Pcs', '0910', 5, '1'),
(251, 'Catch Kitchen King Masala 100Gm', 68, 'Pcs', '0910', 5, '1'),
(252, 'Catch Masala Whole 1Kg', 0, 'Pcs', '0904', 5, '1'),
(253, 'Catch Meat Masala 100Gm', 72, 'Pcs', '0910', 5, '1'),
(254, 'Catch Mircha Whole 1Kg', 280, 'Pcs', '0910', 5, '1'),
(255, 'Catch Pav Bhaji Masala 100Gm', 0, 'Pcs', '0910', 5, '1'),
(256, 'Catch Raita Masala 100Gm', 59, 'Pcs', '0910', 5, '1'),
(257, 'Catch Rajma Masala 100Gm', 0, 'Pcs', '0910', 5, '1'),
(258, 'Catch Red Chilli Powder 1Kg', 128, 'Pcs', '0910', 5, '1'),
(259, 'Catch Sabji Masala 100Gm', 52, 'Pcs', '0910', 5, '1'),
(260, 'Catch Sambher Masala 100Gm', 0, 'Pcs', '0910', 5, '1'),
(261, 'Catch Shahi Paneer Masala 100Gm', 0, 'Pcs', '0910', 5, '1'),
(262, 'Catch Super Garam Masala 1 Kg', 0, 'Pcs', '0910', 5, '1'),
(263, 'Catch Tea Masala 50Gm', 0, 'Pcs', '0910', 5, '1'),
(264, 'Catch White Peper Powder 100 gm', 200, 'kgs', '0904', 5, '1'),
(265, 'Catch White Paper 1Kg', 950, 'Pcs', '0910', 5, '1'),
(266, 'Catch White Salt 5000 Sachet 1Gm', 0, 'Pcs', '0910', 5, '1'),
(267, 'Catch White Salt Sprinkler 100Gm', 0, 'Pcs', '0910', 5, '1'),
(268, 'Catch Yellow Chilli Powder 100Gm', 55, 'Pcs', '0910', 5, '1'),
(269, 'Chakki atta', 23, 'Kgs', '0712', 0, '1'),
(270, 'Chana Dal', 0, 'kgs', '0713', 0, '0'),
(271, 'Chilli Flakes 0.8g(25*150pcs)', 0, 'Pcs', '09042219', 5, '1'),
(272, 'Cling Foil 600 Mtrs', 303.57, 'Pcs', '7607', 18, '1'),
(273, 'Coconut Powder 1 kg', 266.67, 'Pcs', '0801', 5, '1'),
(274, 'Cream', 187, 'Kgs', '0402', 5, '1'),
(275, 'Cremica  Snack Dressing 1.2 kg', 74, 'kgs', '21032000', 12, '1'),
(276, 'Cremica Barbeque Sauce 1.2 Kg', 700, 'Pcs', '21032000', 12, '1'),
(277, 'Cremica Cheese Blend 1Kg', 183, 'Pcs', '21039030', 12, '1'),
(278, 'Cremica Chilli Garlic 1Kg', 0, 'Pcs', '21039030', 12, '1'),
(279, 'Cremica Chilli Sauce Sachet 8GM*1000 Pcs', 0.7, 'Pcs', '21039030', 12, '1'),
(280, 'Cremica Chocolate 1.3Kg', 215, 'Pcs', '21039030', 18, '1'),
(281, 'Cremica English Mustard 300Gm', 0, 'Pcs', '21039030', 12, '1'),
(282, 'Cremica Honey Dip Cup 15GMX360Pcs', 0, 'Pcs', '21039030', 5, '1'),
(283, 'Cremica Mayonees 1Kg', 93.75, 'Pcs', '21039030', 12, '1'),
(284, 'Cremica Mixed Fruit Jam Deip 15Gm*360', 0, 'Pcs', '21032000', 12, '1'),
(285, 'Cremica Mixed Pickle Dip Cup 15Gm*360Pcs', 250, 'Pcs', '21032000', 12, '1'),
(286, 'Cremica Pizza & Pasta Sauce 1Kg', 175, 'Pcs', '21032000', 12, '1'),
(287, 'Cremica Salsa Mexican 1Kg', 97, 'Pcs', '21032000', 12, '1'),
(288, 'Cremica Schezwan Sauce 1.25Kg', 112, 'Pcs', '21032000', 12, '1'),
(289, 'Cremica Snack Dressing Pouch 1.2Kg', 0, 'Pcs', '21032000', 12, '1'),
(290, 'Cremica Tandoori Mayneyess 1Kg', 0, 'Pcs', '21032000', 12, '1'),
(291, 'Cremica Thousand 1Kg', 0, 'Pcs', '21032000', 12, '1'),
(292, 'Cremica Tomato Ketchup 8Gm*100Pcs', 9.25, 'Pcs', '21032000', 12, '1'),
(293, 'Cremica Tomato Ketchup Squeasy 1Kg', 0, 'Pcs', '21032000', 12, '1'),
(294, 'Cremica Tombo (Tomato Sauce) 8GM', 0.7, 'Pcs', '21032000', 12, '1'),
(295, 'Dalchini', 450, 'kgs', '0910', 0, '1'),
(296, 'Del Monte Snack Dressing', 0, 'kgs', '21032000', 12, '1'),
(297, 'Deshi Chana', 75, 'kgs', '0713', 0, '1'),
(298, 'Deshi Ghee', 430, 'Kilogram', '1507', 5, '1'),
(299, 'Double Kabootar Basmati/Sela Rice ', 72, 'Kgs', '1006', 5, '1'),
(300, 'Evererst Hing 100 Gm', 70, 'Pcs', '1301', 5, '1'),
(301, 'Everest Chat Masala 100 Gm', 62, 'Pcs', '0910', 5, '1'),
(302, 'Everest Dry Ginger 100Gm', 0, 'Pcs', '0910', 5, '1'),
(303, 'Everest Haldi Powder 1Kg', 260, 'kgs', '0910', 5, '1'),
(304, 'Everest Jaljira Powder 100Gm', 0, 'Pcs', '0910', 5, '1'),
(305, 'Everest Kashmiri Mirch 100 Gm ', 50, 'Pieces', '0904', 5, '1'),
(306, 'Everest Kitchen King Masala', 0, 'Pcs', '0910', 5, '1'),
(307, 'Everest Kitchen King Masala 100 Gm', 0, 'Pcs', '0910', 5, '1'),
(308, 'Everest Meat Masala 100Gm', 72, 'Pcs', '0910', 5, '1'),
(309, 'Everest Mircha Powder 1 Kg', 300, 'kgs', '0910', 5, '1'),
(310, 'Everest White Peper', 180, 'kgs', '0904', 5, '1'),
(311, 'Everest White Peper 100 Gm', 200, 'Pcs', '0904', 5, '1'),
(312, 'Food Colour Red 50 Gm', 40, 'Piece', '2101', 3, '1'),
(313, 'Food Colour Yellow  50 Gm', 200, 'Piece', '2101', 18, '1'),
(314, 'French Fries 6 MM', 245.54, 'pcs', '20041000', 12, '1'),
(315, 'Frutin Chilli Sauce 5 kg', 0, 'Pcs', '2103', 12, '1'),
(316, 'Frutin Mushroom Button 800Gm', 385, 'Pcs', '0711', 0, '1'),
(317, 'Frutin Tomoto Sauce 5 kg', 0, 'Pcs', '1203', 12, '1'),
(318, 'Fusilli Pasta 500Gm', 138.4, 'Pcs', '19021900', 12, '1'),
(319, 'G. Baby Corm 48*400Gm', 55, 'Pcs', '07119020', 0, '1'),
(320, 'G. Buttom Mushroom 24*500Gm', 100, 'Pcs', '07119020', 0, '1'),
(321, 'G. Monosodium ', 152.54, 'pcs', '29224220 ', 18, '1'),
(322, 'G. Monosodium 50*500Gm', 75, 'Pcs', '29224220', 18, '1'),
(323, 'G. Pine Apple Slice 24*840 Gm', 90, 'Pcs', '0811', 5, '1'),
(324, 'G. Red Cherry 24*840 Gm', 128, 'Pcs', '9010', 5, '1'),
(325, 'G. Tomoto Ketchup 6Kg', 600, 'Pcs', '21032000', 12, '1'),
(326, 'Green Cardamom', 2800, 'kgs', '0910', 5, '1'),
(327, 'Green vally Peas', 520, 'kgs', '07081000', 0, '1'),
(328, 'Gulab Jal', 30, 'Pieces', '0910', 5, '1'),
(329, 'Gur (Jaggery)', 43, 'kgs', '0713', 0, '1'),
(330, 'Haldi Masala', 180, 'Kilogram', '0910', 5, '1'),
(331, 'Hari Patti Bansmati Rice', 95, 'kgs', '1006', 5, '1'),
(332, 'Herriage XXL Arrawa Rice', 80, 'kgs', '1006', 5, '1'),
(333, 'Hing 100 Gm', 761.9, 'pcs', '0910', 5, '1'),
(334, 'HUL A1 Tea 1 kg', 0, 'Pcs', '09023020', 5, '1'),
(335, 'HUL Bru Coffee Sachet 60 pkt*.07gms', 0.7, 'Pcs', '21011200', 18, '1'),
(336, 'HUL Bru Coffee Tripti 1 Kg', 614.41, 'Pcs', '21011200', 18, '1'),
(337, 'HUL Cornflour 1 kg', 110, 'Pcs', '11022000', 5, '1'),
(338, 'HUL Red Label 500Gm*4', 0, 'Pcs', '09023030', 5, '1'),
(339, 'HUL Tazza Tea', 0, 'Pcs', '0902', 5, '1'),
(340, 'Imli  (Tamarind Dry)', 145, 'kgs', '0813', 0, '1'),
(341, 'Javitri', 2666.67, 'kgs', '0910', 5, '1'),
(342, 'Jeela Whole', 200, 'kgs', '0909', 5, '1'),
(343, 'Kabuli Chhola', 0, 'kgs', '0713', 0, '1'),
(344, 'kaju', 4000, 'Kgs', '0801', 5, '0'),
(345, 'Kaju', 800, 'Kgs', '0801', 5, '1'),
(346, 'Kaju 2 Pcs', 750, 'kgs', '0801', 5, '1'),
(347, 'Kaju 4 Pcs', 409.52, 'kgs', '0801', 5, '1'),
(348, 'Kasoori Maithi', 84, 'Kilogram', '0910', 5, '1'),
(349, 'Kellok''s Cornflakes 475 gm', 75, 'Pcs', '19041010', 18, '1'),
(350, 'Keowra Water dabur', 28.57, 'pcs', '0910', 5, '1'),
(351, 'Khada Masala', 800, 'Kilogram', '0910', 5, '1'),
(352, 'Lijjat Papad Sada 1kg', 300, 'pcs', '0713', 0, '1'),
(353, 'Limra Aluminium Foil 72 Mtr', 310, 'Pcs', '7607', 18, '1'),
(354, 'Magaj ', 190, 'Kgs', '1207', 5, '1'),
(355, 'Maharaj Choice Dhania Powder 1Kg', 150, 'Pcs', '0910', 5, '1'),
(356, 'Maharaj Choice Haldi Powder 1Kg', 150, 'Pcs', '0910', 5, '1'),
(357, 'Maharaj Choice Jeera Whole 1Kg', 150, 'Pcs', '0910', 5, '1'),
(358, 'Maharaj Choice Red Chilli Powder 1Kg', 300, 'Pcs', '0910', 5, '1'),
(359, 'Maida ', 26, 'Kgs', '0713', 0, '1'),
(360, 'Mala Banana Crush 12*750 ML', 0, 'Pcs', '2008', 12, '1'),
(361, 'Mala Choclate Sauce 1.3 Lt', 0, 'Pcs', '18069010', 18, '1'),
(362, 'Masoor Malka', 79, 'kgs', '0713', 0, '1'),
(363, 'Masoor Sabut', 75, 'Kgs', '0713', 0, '1'),
(364, 'Matar', 72.5, 'kgs', '0713', 0, '0'),
(365, 'Red Chilly (Mircha) Whole ', 230, 'kgs', '0910', 5, '1'),
(366, 'Mishri ', 65, 'Pcs', '1701', 5, '1'),
(367, 'Moong Dal', 115, 'kgs', '0713', 0, '1'),
(368, 'Mother Dairy Whitner 1 kg', 0, 'Pcs', '0402', 5, '1'),
(369, 'Moti Sauff', 0, 'kgs', '0811', 5, '1'),
(370, 'Mustered Oil 1 Ltr', 120, 'Pcs', '1514', 5, '1'),
(371, 'Nestle Everyday Dairy Creamer 3Gm', 1.841, 'Pcs', '0402', 5, '1'),
(372, 'Nilon/s Classic Mix 5 Kg', 250, 'kgs', '20019000', 12, '1'),
(373, 'Olive Oil 1 ltr', 300, 'Pcs', '15099010', 5, '1'),
(374, 'Origano Sprinkler 0.8g(30*150pcs)', 0.7, 'Pcs', '09109100', 5, '1'),
(375, 'Oyster Sauce 510 grm', 0, 'Pcs', '2008', 12, '1'),
(376, 'Panne pasta 500gm', 64, 'Pcs', '19021900', 12, '1'),
(377, 'Peanut', 125, 'kgs', '1202', 5, '1'),
(378, 'Poha', 40, 'kgs', '0713', 0, '1'),
(379, 'Poha 1 Kg', 70, 'kgs', '0713', 0, '1'),
(380, 'Pou Chong Chilli Sauce', 50, 'kgs', '21039020', 12, '1'),
(381, 'Pou Chong Chilli Sauce 700ML', 45, 'Pcs', '21039020', 12, '1'),
(382, 'Pou Chong Soya Sauce 800 ML', 52, 'Pcs', '21031000', 12, '1'),
(383, 'Rajma Chitra ', 112, 'Kgs', '0713', 5, '1'),
(384, 'Refind Oil 15 Ltr', 1666.67, 'Pieces', '150790', 5, '1'),
(385, 'Sensa Strawberry Crush 12*750ML', 108.93, 'Pcs', '20089919', 12, '1'),
(386, 'Small Sauff', 165, 'kgs', '0811', 5, '1'),
(387, 'Soya Bari', 0, 'Pcs', '19023000', 5, '0'),
(388, 'SR Mixed Pickle 15Gm', 1.8, 'Pcs', '20019000', 12, '1'),
(389, 'Starch', 0, 'Pcs', '1103', 12, '1'),
(390, 'Streling Jalapeno 200Gm', 0, 'Pcs', '21069099', 12, '1'),
(391, 'Stuff Rice', 36, 'kgs', '0713', 5, '1'),
(392, 'Sugar ', 36.19, 'Kgs', '17010000', 5, '1'),
(393, 'Sugar Cube 40*500 Gm', 0, 'kgs', '17019910', 12, '1'),
(394, 'Sugar Free Gold 50 Sachet', 1, 'Pcs', '2100', 12, '1'),
(395, 'Sugar Sachets .05 gm', 0, 'Pcs', '1701', 5, '0'),
(396, 'Surya Cormflour 1Kg', 0, 'Pcs', '11081200', 12, '1'),
(397, 'Surya Vinegar 650 Ml', 0, 'Pcs', '2209', 18, '1'),
(398, '1', 190, 'Kilogram', '0713', 0, '0'),
(399, 'Tata Salt  1 kg', 20, 'kgs', '0713', 0, '1'),
(400, 'Tej Patta', 100, 'kgs', '0910', 5, '1'),
(401, 'Tur Dal (Arhar)', 109, 'Kgs', '0713', 0, '1'),
(402, 'Urad Dal Black ', 135, 'Kgs', '0713', 5, '1'),
(403, 'Veeba Cheese Blend 1Kg', 331, 'kgs', '21039030', 12, '1'),
(404, 'Washing Powder ', 8.05, 'Pcs', '3401', 18, '1'),
(405, 'Black Til', 180, 'kgs', '0910', 5, '1'),
(406, 'Zone Grenadine 12*1 kg', 0, 'Pcs', '21069011', 18, '1'),
(407, 'Tea leaves', 261.9, 'Gm', '09023020', 5, '1'),
(408, 'Tata Agni Tea', 261.9, 'gm', '07856', 5, '1'),
(409, 'Ashok Garam Masala 100Gm', 124, 'pcs', '0910', 5, '1'),
(410, 'Dhania Whole', 150, 'Kgs', '0910', 0, '0'),
(411, 'Dhania Whole', 260, 'Kgs', '0910', 0, '1'),
(412, 'Kali Mirch (Black Peper)', 780, 'Kgs', '0910', 0, '0'),
(413, 'Vinegar', 18, 'Pcs', '2209', 18, '1'),
(414, '9AM Chilli Bottle 700gm', 50, 'pcs', '21032000', 12, '1'),
(415, 'Ashok Haldi Powder 1Kg', 220, 'Pcs', '0910', 5, '1'),
(416, 'Jeera Whole', 240, 'Kgs', '0910', 5, '1'),
(417, 'Everest Dhania Masala', 270, 'Kgs', '0910', 5, '1'),
(418, 'Pou Chong Soya Sauce 700 ML', 48, 'pcs', '21031000', 12, '1'),
(419, 'Jaifal', 750, 'Kgs', '0910', 5, '1'),
(420, 'Everest Dry Mango', 70, 'Kgs', '0910', 5, '1'),
(421, 'Dal Chana', 75, 'Kgs', '0713', 0, '1'),
(422, '9AM Chilli Bottle 700gm', 46, 'pcs', '21039020', 12, '1'),
(423, 'Dry Mango Powder', 125, 'Kgs', '0910', 5, '1'),
(424, 'Mccan Herb Chilly Berger Tikki', 223, 'pcs', '2004', 12, '0'),
(425, 'Pou Chong Red Chilli Sauce 700gm', 60.7, 'pcs', '2204', 12, '1'),
(426, 'Guava Crush', 136, 'pcs', '21032000', 12, '1'),
(427, 'Kiwi Crush', 129.46, 'pcs', '21032000', 12, '1'),
(428, '9AM Mushroom', 105, 'pcs', '0711', 0, '1'),
(429, 'Amul Fresh Cream 1lt', 193, 'pcs', '0401', 0, '1'),
(430, 'Meccan Herb chilli Berger Tikki', 172, 'pcs', '2004', 12, '1'),
(431, 'Kabuli Chola', 85, 'Kgs', '0713', 0, '1'),
(432, 'Everest Biryani Masala', 70, 'pcs', '0910', 5, '1'),
(433, 'Everest Chola masala', 63, 'pcs', '0910', 5, '1'),
(434, 'Everest Kasoori Methi', 84, 'pcs', '0910', 5, '1'),
(435, '9AM Chilli Sauce Sachet 8GM', 0.8, 'pcs', '21032000', 12, '0'),
(436, 'Taaza Tea 250 Gm', 61, 'pcs', '07856', 5, '1'),
(437, 'Taaza Tea 1Kg', 256, 'Kgs', '07856', 5, '1'),
(438, 'Tata Premium Tea 250 Gm', 90, 'pcs', '07856', 5, '1'),
(439, 'Urad Dal Dhuli', 108, 'Kgs', '0713', 0, '1'),
(440, 'Baking Powder', 28, 'Kgs', '09104010', 5, '1'),
(441, 'Pista', 100, 'gm', '0802', 5, '1'),
(442, 'Badam (Almond)', 700, 'gm', '0801', 5, '1'),
(443, 'Soya Bari', 70, 'Kgs', '19023000', 5, '1'),
(444, 'Chironji', 1000, 'Kgs', '0802', 5, '1'),
(445, 'Dahi Bara Masala', 55, 'pcs', '0910', 5, '1'),
(446, 'Mixed Pickel 8Gm x 20', 32.14, 'pcs', '20019000', 12, '1'),
(447, '9AM Chilli Sauce Sachet 8GM', 0.85, 'pcs', '21032000', 12, '1'),
(448, 'Golden Crown Sweet Corn Kernels', 46, 'pcs', '07119020', 0, '1'),
(449, 'Vb Thousand Island Dressing 1Kg', 175, 'pcs', '21039030', 12, '1'),
(450, 'Vb Pizza Topping 1Kg', 160, 'pcs', '21032000', 12, '1'),
(451, 'Vb Tomato Ketchup Sachets 8g', 0.7, 'pcs', '21032000', 12, '1'),
(452, 'Desi Chana', 83, 'kgs', '0713', 0, '1'),
(453, 'Tata Tea 250Gm', 56, 'pcs', '07856', 5, '1'),
(454, 'Long (Clove) ', 650, 'kgs', '0910', 5, '1'),
(455, 'Urad Whole (Kharhi Urad)', 1110, 'kgs', '0713', 0, '1'),
(456, 'Refined Oil 1 Ltr', 1600, 'pcs', '150790', 5, '1'),
(457, 'Honey', 228.57, 'Kgs', '0409', 5, '1'),
(458, 'Vb Schwan Sauce 1Kg', 142.86, 'pcs', '21039020', 12, '1'),
(459, 'Table Rice', 75, 'Kgs', '0713', 5, '1'),
(460, 'Food Colour Red/Yellow/Green', 46.61, 'pcs', '2101', 18, '1'),
(461, 'Go. Cheese Slice 750gm', 339.29, 'pcs', '7000131', 12, '1'),
(462, 'Mozrela Cheese  2kg', 750, 'pcs', '7000131', 12, '1'),
(463, 'Vb EI Mayonnaise Professional 1kg', 89.29, 'pcs', '21039030', 12, '1'),
(464, 'Welga Sweet Corn 500gm*60pcs (American)', 60, 'pcs', '07104000', 0, '1'),
(465, 'Mustered Oil 1 Ltr', 115, 'pcs', '1514', 5, '0'),
(466, 'MD Oregano Spice Mix Sachete (0.8g)', 275, 'pcs', '09109100', 5, '1'),
(467, 'shudh Ahar Atta (Mill)', 24, 'Kgs', '0712', 0, '1'),
(468, 'Kaju 8pcs', 371.43, 'kgs', '0801', 5, '1'),
(469, 'Tombo 1.2kg', 120, 'pcs', '21032000', 12, '1'),
(470, 'Sugar Sachets 5 gm', 0.45, 'pcs', '1701', 5, '1'),
(471, 'tombo 8gm', 0.65, 'pcs', '21032000', 12, '1'),
(472, 'Lijjat Papad Sada 200gm', 67, 'pcs', '0713', 0, '1'),
(473, 'Oxywrap Aluminium Foil 72 Mtrs.', 232.14, 'pcs', '76071190', 12, '1'),
(474, 'Nestle Milk Sachet 3gm', 1.841, 'hanger', '04022990', 5, '1'),
(475, 'Bru Coffee Sachet', 1.652, 'hanger', '21011120', 18, '1'),
(476, 'Creamlite Green Chilli Sachet', 0.7, 'pcs', '2103', 12, '0'),
(477, 'Creamlite Green Chilli Sachet', 0.6, 'pcs', '2103', 12, '1'),
(478, 'Vb Tandoori Spreads 1kg', 195, 'pcs', '21039030', 12, '1'),
(479, 'Dal Matar', 82, 'Kgs', '0713', 0, '1'),
(480, 'Nestle Sunrise 1kg pack', 614.41, 'pcs', '21011120', 18, '1'),
(481, 'Mohan cornflakes 500gm', 96.61, 'pcs', '19041010', 18, '1'),
(482, 'Drinking Choclate', 23.73, 'pcs', '18061000', 18, '1'),
(483, 'Th Sabji Masala', 69, 'kgs', '09109100', 5, '1'),
(484, 'Tasty Poha 1KG', 70, 'Kgs', '19041090', 0, '1'),
(485, 'Tomoto Sauce ', 75, 'pcs', '21032000', 12, '1'),
(486, 'Chilli Sauce', 48, 'pcs', '21032000', 12, '1'),
(487, 'Soya Sauce', 50, 'pcs', '21032000', 12, '1'),
(488, 'Ajwain', 123, 'pcs', '123', 1, '0'),
(489, 'test', 12, '12', '4512', 12, '0'),
(490, 'a', 1, '1', '1', 1, '0'),
(491, 'Soyabeen', 70, 'Kgs', '0713', 0, '1'),
(492, 'chowmeen', 52, 'pcs', '190220', 12, '1'),
(493, 'Tt Poha 1kg', 60, 'pcs', '19041090', 0, '1'),
(494, 'catch mirch powder 1kg', 266.67, 'kgs', '0910', 5, '1'),
(495, 'Mala Butter Crush', 125, 'pcs', '2008', 12, '1'),
(496, 'Fuel Paraffin 10kg', 500, 'pcs', '35069010', 18, '1'),
(497, 'dabur gulabari Zaika(30*250ml)', 49.15, 'pcs', '33030020', 18, '1'),
(498, 'Dalia 500gm', 26, 'pcs', '1001', 0, '1'),
(499, 'Vb pasta & Pizza sauce 1kg', 160, 'pcs', '21032000', 12, '1'),
(500, 'Dabur Real Honey 1kg', 370, 'pcs', '04090000', 5, '1'),
(501, 'GC tomoto Puree (24*825gm)', 65, 'pcs', '20029000', 12, '1'),
(502, 'Welga Sweet Corn (500gm*60pcs)', 32, 'pcs', '07104000', 0, '1'),
(503, 'Satri', 115, 'Kgs', '29224220', 18, '1'),
(504, 'Futuins Baby Corm', 55, 'pcs', '07119020', 0, '1'),
(505, 'Taj Mehal Tea Bag', 142.85, 'Kgs', '07856', 5, '1'),
(506, 'Nilon''s 5kg Classic MixPickel Pet (Achar)', 223.21, 'pcs', '20019000', 12, '1'),
(507, 'Rice (Bansmati)', 78, 'Kgs', '0713', 5, '0'),
(508, 'Dalda Oil (Babarchi)', 1714.29, 'pcs', '1507', 5, '1'),
(509, 'Choclate Powder 200gm', 100, 'pcs', '18061000', 18, '1'),
(510, 'Black Mustered whole ', 160, 'Kgs', '0909', 0, '1'),
(511, 'Kalonjee', 330, 'Kgs', '0910', 5, '1'),
(512, 'Makhana ', 720, 'Kgs', '0801', 5, '1'),
(513, 'Sevain', 9.5, 'pcs', '19023000', 5, '1'),
(514, 'Habit Black Olive Slice (24*430g)', 118, 'pcs', '20057000', 12, '1'),
(515, 'Habit Green Olive Slice(24*450g)', 135, 'pcs', '20057000', 12, '1'),
(516, 'Matar white', 86, 'Kgs', '0713', 0, '1'),
(517, 'Ground Nut (Moongfali)', 125, 'Kgs', '0713', 0, '1'),
(518, 'Scent (Itra)', 19, 'pcs', '33030020', 18, '1'),
(519, 'Fruitin''s Oregano (40*500G)', 166.67, 'pcs', '07129050', 5, '1'),
(520, 'Golden Crown Fruit Cocktail', 90, 'pcs', '08119010', 5, '1'),
(521, 'Frutin''s Bread Crum Panko(12*1kg)', 110, 'pcs', '19054000', 5, '1'),
(522, 'Everest Garam Masala', 50, 'pcs', '0910', 5, '1'),
(523, 'Everest Amchoor Powder', 100, 'Kgs', '0910', 5, '1'),
(524, 'PVC Cling Film 30*600 Oxy Box 1.6kgs', 550, 'pcs', '7607', 18, '1'),
(525, 'Sr Mix Pickle Cube 15g', 310, 'pcs', '20019000', 12, '1'),
(526, 'Ev Dry Mango 100gm', 60, 'pcs', '0910', 5, '1'),
(527, 'Jf White Chia Seeds 100gm', 150, 'pcs', '12079990', 5, '1'),
(528, 'Clining Film 600mtr', 310, 'pcs', '7607', 18, '1'),
(529, 'Funfood Mayo Coleslaw', 85, 'pcs', '21039030', 12, '1'),
(530, 'Nutrila Chura', 90, 'Kgs', '19054000', 5, '1'),
(531, 'Khas Khas (Poppy Seeds)', 1140, 'Kgs', '12079100', 0, '1'),
(532, 'Milk Powder 3 kg', 330, 'Kgs', '21023000', 12, '1'),
(533, 'Mixed Pickel 8gm (Achar Sachet)', 1.8, 'pcs', '20019000', 12, '1'),
(534, 'cling Foil 100mtr', 116.07, 'pcs', '76071190', 12, '1'),
(535, 'Tooth Pic', 151.79, 'pcs', '4419', 12, '1'),
(536, 'Custered Powder', 95.24, 'Kgs', '0402', 5, '1'),
(537, 'Paras Ghee 15kg', 5100, 'pcs', '040590', 12, '1'),
(538, 'Gourmia Healthy Happiness', 360, 'pcs', '200830', 12, '1'),
(539, 'Dhara  Mustered Oil', 110, 'pcs', '151491', 5, '1'),
(540, 'Nestle Milkmaid 400gm', 108.93, 'pcs', '040299', 12, '1'),
(541, 'Keowra', 25, 'pcs', '0910', 5, '1'),
(542, 'Lobia', 90, 'Kgs', '0713', 0, '1'),
(543, 'Shudh Ahar Suji', 36, 'Kgs', '0713', 0, '1'),
(544, 'Mala Black Crrent Crush', 111.61, 'pcs', '80089919', 12, '1'),
(545, 'G. Crown Worcestershire (Raisins)', 41, 'pcs', '2039090', 12, '1'),
(546, 'Welga Green Peas (5Kg*7pcs)', 400, 'pcs', '07102100', 0, '1'),
(547, 'Chilly Flakes', 352.38, 'Kgs', '0910', 5, '1'),
(548, 'Fuel Paraffin 30kg', 500, 'pcs', '35069010', 18, '1'),
(549, 'Tc Vinegar jar ', 450, 'pcs', '2209', 18, '1'),
(550, 'Sugar Sachets', 0.9, 'pcs', '1701', 5, '1'),
(551, 'Kissan Sauce', 65, 'pcs', '21032000', 12, '1'),
(552, 'test1', 1000, 'pcs', '00000000', 12, '1'),
(553, 'Frutins Button mushroom 3.1kg', 385, 'pcs', '07115100', 0, '1'),
(554, 'G. crwon Sweet Corn', 55, 'pcs', '07104000', 0, '1'),
(555, 'Tur Dal Arhar (loose)', 108, 'pcs', '0713', 5, '1'),
(556, 'Dawat Chef Special 10kg', 90, 'pcs', '10063020', 5, '1'),
(557, 'Chef Sec Royal XXL Sela 10kg', 82, 'pcs', '10063010', 5, '1'),
(558, 'HUL Aromat Seasoning 50', 150, 'pcs', '21039040', 12, '1'),
(559, 'VB Salsa Sauce 1kg', 90, 'pcs', '21032000', 12, '1'),
(560, 'PC Soya Sauce 25ltr', 1250, 'pcs', '21031000', 12, '1'),
(561, 'Tata Tetley Leaf  Tea Bag 1.7g*100bag', 133.33, 'pcs', '21039020', 5, '1'),
(562, 'Real Mix Fruit Juice 1lt', 74, 'pcs', '2009', 12, '1'),
(563, 'Real Orange Juice 1lt', 74, 'pcs', '2009', 12, '1'),
(564, 'Real Pineapple Juice 1lt', 71, 'pcs', '2009', 12, '1'),
(565, 'Real Mango Juice 1lt', 67, 'pcs', '2009', 12, '1'),
(566, 'Tabasco Red Peper Sauce', 130, 'pcs', '2103', 12, '1'),
(567, 'Mala Strawberry Crush', 104, 'pcs', '20089919', 12, '1'),
(568, 'Mala Lychee Crush', 104, 'pcs', '20089919', 12, '1'),
(569, 'Mala Pineapple Crush', 104, 'pcs', '20089919', 12, '1'),
(570, 'Zone Blue Curacao', 158, 'pcs', '21069040', 18, '1'),
(571, 'Fruitin''s Basil', 381, 'pcs', '12119094', 5, '1'),
(572, 'Prabhat Cheese Blend 2 kg', 331, 'pcs', '04061000', 12, '1'),
(573, 'Kissan Mixed Fruits Jam 1kg', 197, 'pcs', '21032000', 12, '1'),
(574, 'Becco Panne Pasta 500gm', 59, 'pcs', '19021900', 12, '1'),
(575, 'Amul Better 500g', 207.59, 'pcs', '0405', 12, '1'),
(576, 'staff rice Packed', 32, 'Kgs', '0713', 0, '1'),
(577, 'Maithi Seed', 120, 'Kgs', '09109912', 5, '1'),
(578, 'Moong Whole Loose', 114.29, 'Kgs', '0713', 5, '1'),
(579, 'Amul Creamer 120*3', 138.1, 'pcs', '0402', 5, '1'),
(580, 'Dal Chana Loose', 78, 'Kgs', '0713', 5, '1'),
(581, 'Table Rice Packed', 70, 'Kgs', '0713', 0, '1'),
(582, 'Moong Dal Dhuli Loose', 120, 'Kgs', '0713', 5, '1'),
(583, 'Masoor Malka (Loose)', 73, 'Kgs', '0713', 5, '1'),
(584, 'Gherkin', 85, 'pcs', '20011000', 5, '1'),
(585, 'G. C. Sweet Corn Cream Style', 30, 'pcs', '20058000', 12, '1'),
(586, 'Chef Green Peas ', 104, 'Kgs', '071080', 0, '1'),
(587, 'Fruitin''s Rosemery 1kg', 390, 'pcs', '12119094', 5, '1'),
(588, 'Artificial Wax Shiva', 400, 'pcs', '3404', 18, '1');

--
-- Indexes for dumped tables
--

--
-- Indexes for table `customer`
--
ALTER TABLE `customer`
  ADD PRIMARY KEY (`id`);

--
-- Indexes for table `invoice`
--
ALTER TABLE `invoice`
  ADD PRIMARY KEY (`id`),
  ADD KEY `customer_id` (`customer_id`);

--
-- Indexes for table `invoice_items`
--
ALTER TABLE `invoice_items`
  ADD PRIMARY KEY (`id`),
  ADD KEY `invoice_id` (`invoice_id`),
  ADD KEY `invoice_id_2` (`invoice_id`);

--
-- Indexes for table `products`
--
ALTER TABLE `products`
  ADD PRIMARY KEY (`id`);

--
-- AUTO_INCREMENT for dumped tables
--

--
-- AUTO_INCREMENT for table `customer`
--
ALTER TABLE `customer`
  MODIFY `id` int(11) NOT NULL AUTO_INCREMENT, AUTO_INCREMENT=29;
--
-- AUTO_INCREMENT for table `invoice`
--
ALTER TABLE `invoice`
  MODIFY `id` int(11) NOT NULL AUTO_INCREMENT, AUTO_INCREMENT=82;
--
-- AUTO_INCREMENT for table `invoice_items`
--
ALTER TABLE `invoice_items`
  MODIFY `id` int(11) NOT NULL AUTO_INCREMENT, AUTO_INCREMENT=843;
--
-- AUTO_INCREMENT for table `products`
--
ALTER TABLE `products`
  MODIFY `id` int(11) NOT NULL AUTO_INCREMENT, AUTO_INCREMENT=589;
--
-- Constraints for dumped tables
--

--
-- Constraints for table `invoice_items`
--
ALTER TABLE `invoice_items`
  ADD CONSTRAINT `invoice_items_ibfk_2` FOREIGN KEY (`invoice_id`) REFERENCES `invoice` (`id`);

/*!40101 SET CHARACTER_SET_CLIENT=@OLD_CHARACTER_SET_CLIENT */;
/*!40101 SET CHARACTER_SET_RESULTS=@OLD_CHARACTER_SET_RESULTS */;
/*!40101 SET COLLATION_CONNECTION=@OLD_COLLATION_CONNECTION */;
